Unnamed: 0,What was the purpose of your journey?,Unnamed: 2,Unnamed: 3,Unnamed: 4,Unnamed: 5,Unnamed: 6,Unnamed: 7,Unnamed: 8,Unnamed: 9,Unnamed: 10,Unnamed: 11,Unnamed: 12,Unnamed: 13,Unnamed: 14,Unnamed: 15,Unnamed: 16,Unnamed: 17,Unnamed: 18,Unnamed: 19,Unnamed: 20,Unnamed: 21,Unnamed: 22,Unnamed: 23,Unnamed: 24,Unnamed: 25,Unnamed: 26,Unnamed: 27,Unnamed: 28,Unnamed: 29
language,Leisure / Holiday,"Visiting family, friends or relatives",Business / Professional reason,"Overall, how satisfied were you with the information we provided before your journey?For example about arrival at the airport, baggage policy, required documents, check-in, and boarding times.",Is there anything we could have done differently to improve our communication before your journey?,How did you check in for your flight to {{ custom.dest_in_en }}?,Did you check in your baggage at the airport counter?,"Overall, how satisfied were you with the Check-In process on the [web/mobile/SS-Terminal]?","Overall, how satisfied were you with the Check-In process at the airport counter",Is there anything we could have done differently to make your Check-In experience more satisfying?,How would you rate your experience passing through airport security?,What about your experience didn't go as you would have expected it?,VisitedLounge,LoungeSatisfaction,Is there anything we could have done differently to make your experience at the lounge in {{ custom.dep_airport }} Airport more satisfying?,"Overall, how satisfied were you with the boarding process?",Is there anything we could have done differently to make your boarding experience more satisfying?,"Overall, how satisfied were you with your flight experience?",Is there anything we could have done differently to make your flight experience more satisfying?,"Overall, how would you rate your experience collecting your baggage upon arrival?",Is there anything we could have done differently to make your experience collecting your baggage upon arrival more satisfying?,How likely is it that you would recommend us to a friend or colleague?,We are sorry to hear that you would not recommend us!Could you please briefly explain how we could improve our services in the future?,"Lastly, if there were just one thing we could do that would make you more likely to recommend us, what would it be?","Lastly, could you briefly explain what would you particularly recommend about us?",dep_airport,arrival_airport,fare_family,persona
en,,"Visiting family, friends or relatives",,Unsatisfied,,Mobile App,No,Neutral,,,Satisfied,,No,,,Neutral,No change of plane. Did not got the voucher ,Neutral,,,,,,,,LUX,OPO,LIGHT,Couple
fr,,"Visiting family, friends or relatives",,Very unsatisfied,,Mobile App,No,Very unsatisfied,,,Very unsatisfied,Non tout s'est bien pass√© üòä,No,,,Very unsatisfied,,,,,,,,,,NCE,LUX,SMART,Couple
de,Leisure / Holiday,,,Very unsatisfied,Mein Flug wurde leider annulliert und ich habe mein Ziel erst sehr sp√§t erreicht.,Website luxair.lu,Yes,Satisfied,Satisfied,,Satisfied,,No,,,Satisfied,,Very unsatisfied,,,,,,,,VIE,LUX,SMART,Couple
en,,"Visiting family, friends or relatives",,Satisfied,,Website luxair.lu,Yes,Satisfied,Very satisfied,,,,,,,,,,,,,,,,,VCE,LUX,BUSINESS,Couple
de,Leisure / Holiday,,,Satisfied,,Mobile App,No,Very satisfied,,,Satisfied,,No,,,Satisfied,,Satisfied,,,,,,,,VIE,LUX,SMART,Couple
de,,"Visiting family, friends or relatives",,,,,,,,,,,,,,,,,,,,,,,,LUX,,,
de,Leisure / Holiday,"Visiting family, friends or relatives",,Neutral,,Check-In counter at the airport,Yes,,,,,,,,,,,,,,,,,,,LUX,ACE,FLEX,Couple
de,Leisure / Holiday,,,Very satisfied,,,Yes,,,,,,,,,,,,,,,,,,,PMI,LUX,FLEX,Couple
fr,,"Visiting family, friends or relatives",,Satisfied,,Website luxair.lu,Yes,Very unsatisfied,,Non,Satisfied,,No,,,Satisfied,,Very satisfied,,,,,,,,LUX,VXE,SMART,Single
fr,,"Visiting family, friends or relatives",,Very unsatisfied,,Website luxair.lu,,,,,Neutral,,,,,,,,,,,,,,,LUX,BLQ,LIGHT,Single
en,Leisure / Holiday,,,Very satisfied,,Website luxair.lu,No,Very satisfied,,,Very satisfied,,Yes,Neutral,,,,,,,,,,,,LUX,,,
en,Leisure / Holiday,,,Satisfied,,Mobile App,Yes,Satisfied,Satisfied,,Very satisfied,,No,,,Satisfied,,Unsatisfied,,,,,,,,LUX,,,
en,Leisure / Holiday,,,Very unsatisfied,,Website luxair.lu,Yes,Very unsatisfied,,,,,,,,,,,,,,,,,,LUX,HAM,SMART,Couple
en,,"Visiting family, friends or relatives",,Neutral,,,,,,,,,,,,,,,,,,,,,,LUX,MAD,SMART,Couple
en,,"Visiting family, friends or relatives",,,,,,,,,,,,,,,,,,,,,,,,LUX,NAP,FLEX,Family
en,Leisure / Holiday,,,,,,,,,,,,,,,,,,,,,,,,,LUX,VCE,LIGHT,Single
en,Leisure / Holiday,,,Very satisfied,,Self-service terminal at the airport,Yes,Satisfied,Satisfied,,,,,,,Satisfied,,,,,,,,,,LUX,LJU,SMART,Couple
fr,Leisure / Holiday,,,Very unsatisfied,,,,,,,,,,,,,,,,,,,,,,LUX,DSS,SMART,Couple
fr,,"Visiting family, friends or relatives",,,,,,,,,,,,,,,,,,,,,,,,OPO,LUX,LIGHT,Single
fr,Leisure / Holiday,,,Satisfied,,Website luxair.lu,Yes,Neutral,Neutral,,,,,,,,,,,,,,,,,LUX,AGP,LIGHT,Couple
en,,"Visiting family, friends or relatives",,Very unsatisfied,Yes,Check-In counter at the airport,No,,Very unsatisfied,"Confirm baggage with sms, like other airlines",Very unsatisfied,"Lost my baggage, you could not confirm whether it was loaded in the aircraft! Lost my medication ",No,,,Neutral,Communication is very important yours is abit low; below standard ,Neutral,Be a little kind to your customers ,,,0,1- communicate via sms the journey. Or email at the very least   2- confirm and double confirm baggage has been loaded at the aircraft through sms before or during the take off ( automatic sms system work- very affordable and customer friendly)  3- expedite the process when bags/luggage is lost.  3-,,,CDG,LUX,,Single
fr,Leisure / Holiday,,,Very unsatisfied,Annoncer le retard √† l‚Äôembarquement ,Mobile App,No,Very unsatisfied,,,Very unsatisfied,,No,,,Very unsatisfied,,Very unsatisfied,,,,0,Soyez plus communicants ,,,LUX,NCE,SMART,Single
fr,,"Visiting family, friends or relatives",,Satisfied,,Website luxair.lu,Yes,Unsatisfied,Satisfied,,Satisfied,,No,,,Satisfied,,Satisfied,,Satisfied,,1,Si√®ge avant libre tout le voyage alors qu'on voyage avec un b√©b√© sur un si√®ge normal. Retard de 3h.,,,LIS,LUX,SMART,Family
en,,"Visiting family, friends or relatives",,Very satisfied,,Website luxair.lu,Yes,Very satisfied,Very satisfied,,Very satisfied,,No,,,Very satisfied,,Very satisfied,,Very satisfied,,10,,,Professional and courteous service . Good refreshments on board. Safety instructions you actually enjoy watching with attention. Well done !,MLA,LUX,SMART,Couple
en,,,Business / Professional reason,Very satisfied,,Mobile App,No,Very satisfied,,,Very satisfied,,No,,,Very satisfied,,Very satisfied,,,,10,,,On board service/quality of food and drink offer,DUB,LUX,LIGHT,Single
fr,Leisure / Holiday,,,Very satisfied,,Website luxair.lu,No,Very satisfied,,,Very satisfied,,Yes,Very satisfied,,Very satisfied,,Very satisfied,,,,10,,,Bonne compagnie.  Tout est bon.üôè,LUX,OPO,LIGHT,Single
en,,"Visiting family, friends or relatives",,Very satisfied,,Mobile App,No,Very satisfied,,,Very satisfied,,No,,,Very satisfied,,Very satisfied,,,,10,,,"I really like your company, it provides modern clean aircrafts and food on board! I like your services very much, good job!",LUX,NCE,LIGHT,Couple
fr,Leisure / Holiday,,,Very satisfied,,Website luxair.lu,Yes,Very satisfied,Very satisfied,,Very satisfied,,No,,,Very satisfied,,Very satisfied,,Very satisfied,,10,,,"mon a√©roport pr√©f√©r√©, calme, personnel aimable",LUX,DWC,SMART,Family
fr,,"Visiting family, friends or relatives",,Very satisfied,,Website luxair.lu,No,Very satisfied,,,Very satisfied,,No,,,Very satisfied,,Very satisfied,,,,10,,,,LUX,VCE,FLEX,Single
en,Leisure / Holiday,,,Very satisfied,,Mobile App,,Very satisfied,,,Very satisfied,,No,,,Satisfied,,Very satisfied,,,,10,,,Reliable friendly service,LUX,,,
en,,"Visiting family, friends or relatives",,Satisfied,,Website luxair.lu,No,Satisfied,,,Very satisfied,,No,,,Satisfied,,Very satisfied,,,,10,,,I would recommend Luxair because of the good and friendly service.,VIE,LUX,LIGHT,Single
en,,"Visiting family, friends or relatives",,Very satisfied,,Mobile App,No,Very satisfied,,,Very satisfied,,No,,,Very satisfied,,Very satisfied,,,,10,,,"Super exp√©rience, j adore voyager avec Luxair ",LUX,LCY,SMART,Single
en,,,Business / Professional reason,Very satisfied,,Website luxair.lu,Yes,Very satisfied,Very satisfied,,Very satisfied,,No,,,Very satisfied,,Very satisfied,,Very satisfied,,10,,,The Quality of the flight experience. Nothing bothersome and overall clean as well as good service at every stage. ,LUX,LCY,SMART,Single
en,Leisure / Holiday,,,Very satisfied,,Website luxair.lu,Yes,Very satisfied,Very satisfied,,Very satisfied,,No,,,Very satisfied,,Very satisfied,,Very satisfied,,10,,,"Nothing , everything was perfect ",LUX,LCY,SMART,Single
en,Leisure / Holiday,"Visiting family, friends or relatives",,Satisfied,,Check-In counter at the airport,Yes,,Very satisfied,,Satisfied,,No,,,Satisfied,,Very satisfied,,Satisfied,,10,,,Your reliability,LUX,RAI,FLEX,Couple
fr,,,Business / Professional reason,Very satisfied,,Website luxair.lu,Yes,Very satisfied,Very satisfied,,Satisfied,,No,,,Very satisfied,,Very satisfied,,Very satisfied,,10,,,,AGP,LUX,SMART,Single
de,Leisure / Holiday,,,Very satisfied,,Website luxair.lu,Yes,Very satisfied,Very satisfied,,Very satisfied,,No,,,Very satisfied,,Very satisfied,,Unsatisfied,"Das Gep√§ckband blieb immer wieder stehen, da h√§tte jemand kommen und das in Ordnung bringen m√ºssen.",10,,,"P√ºnktlichkeit, Bordservice, Preise",VIE,LUX,SMART,Family
en,Leisure / Holiday,,,Very satisfied,,Mobile App,No,Very satisfied,,,Neutral,,No,,,Satisfied,,Very satisfied,,,,10,,,,LIS,LUX,LIGHT,Couple
fr,Leisure / Holiday,,,Very unsatisfied,,Check-In counter at the airport,Yes,,Very unsatisfied,,Very unsatisfied,,No,,,Very unsatisfied,,Very unsatisfied,,Very unsatisfied,,10,,,,LUX,,,
de,,"Visiting family, friends or relatives",,Very satisfied,,Website luxair.lu,Yes,Very satisfied,Very satisfied,,Very satisfied,,No,,,Very satisfied,,Very satisfied,,Satisfied,,10,,,Den au√üergew√∂hnlich guten Service,LUX,OSL,SMART,Single
en,Leisure / Holiday,,,Satisfied,,Mobile App,Yes,Very satisfied,Very satisfied,,Satisfied,,No,,,Satisfied,,Very satisfied,,Satisfied,,10,,,,LUX,TFS,,Family
de,Leisure / Holiday,,,Very satisfied,,Website luxair.lu,Yes,Very satisfied,Very satisfied,,Very satisfied,,No,,,Very satisfied,,Very satisfied,,Very satisfied,,10,,,,LUX,NCE,SMART,Single
de,,"Visiting family, friends or relatives",,Very satisfied,,Mobile App,Yes,Very satisfied,Satisfied,,Satisfied,,No,,,Very satisfied,,Very satisfied,,Very satisfied,,10,,,Freundlichkeit   Preisleistung  Sicherheit   Punktlichkeit,DJE,LUX,SMART,Couple
en,,"Visiting family, friends or relatives",,Very satisfied,,Website luxair.lu,No,Very satisfied,,,Very satisfied,,No,,,Very satisfied,,Very satisfied,,,,10,,,Good and friendly service on board the flight ,LUX,,,
fr,Leisure / Holiday,,,Very satisfied,,Mobile App,Yes,Very satisfied,Very satisfied,,Very satisfied,,No,,,Satisfied,,Very satisfied,,Very satisfied,,10,,,"s√©curit√©, fiabilit√©, √† l'√©coute, propret√©, hospitalit√©, aimabilit√©, etc  ",TFS,LUX,SMART,Family
en,,"Visiting family, friends or relatives",,Very satisfied,,Website luxair.lu,Yes,Very satisfied,Very satisfied,,Satisfied,,No,,,Satisfied,,Very satisfied,,Very satisfied,,10,,,,BUD,LUX,SMART,Single
fr,Leisure / Holiday,,,Very satisfied,,Website luxair.lu,Yes,Very satisfied,Very satisfied,,Satisfied,,No,,,Satisfied,,Satisfied,,Satisfied,,10,,,,LUX,,,
fr,Leisure / Holiday,,,Very satisfied,,Website luxair.lu,Yes,Very satisfied,Very satisfied,,Very satisfied,,No,,,Very satisfied,,Very satisfied,,Very satisfied,,10,,,"s√©rieux, fiabilit√©, services et sourire",RAK,LUX,LIGHT,Couple
en,,"Visiting family, friends or relatives",,Very satisfied,,Website luxair.lu,Yes,Very satisfied,Very satisfied,,Very satisfied,,No,,,Very satisfied,,Very satisfied,,,,10,,,,LCY,LUX,FLEX,Single
en,,"Visiting family, friends or relatives",,Very satisfied,,Website luxair.lu,No,Very satisfied,,,,,No,,,Very satisfied,,Very satisfied,,,,10,,,Very satisfied with the service on flight ,BUD,LUX,SMART,Couple
fr,Leisure / Holiday,,,Very unsatisfied,,Check-In counter at the airport,Yes,,Very unsatisfied,,Very unsatisfied,,No,,,Very unsatisfied,,Satisfied,,Very satisfied,,10,,,,LUX,CPH,LIGHT,Mini Group
fr,Leisure / Holiday,,,Very satisfied,,Website luxair.lu,Yes,Satisfied,Satisfied,,Neutral,,No,,,Satisfied,,Very satisfied,,Very satisfied,,10,,,,LUX,BER,SMART,Single
fr,,"Visiting family, friends or relatives",,Very satisfied,,Mobile App,Yes,Very satisfied,Very satisfied,,Very satisfied,,No,,,Very satisfied,,Very satisfied,,Very satisfied,,10,,,Personnel navigant √† l‚Äô√©coute et tr√®s sympathique. Cabine propre et tr√®s bonnes collations .,NCE,LUX,SMART,Single
en,Leisure / Holiday,,,Very unsatisfied,,Website luxair.lu,No,Very satisfied,,,Very satisfied,,No,,,Very satisfied,,Very satisfied,,,,10,,,"Overall great service, nice crew, rarely delayed",FCO,LUX,LIGHT,Single
fr,Leisure / Holiday,,,Very satisfied,,Website luxair.lu,Yes,Very satisfied,Very satisfied,,Very satisfied,,No,,,Very satisfied,,Very satisfied,,Very satisfied,,10,,,,LUX,MAD,FLEX,Couple
fr,Leisure / Holiday,,,Very satisfied,,Mobile App,No,Very satisfied,,,Very satisfied,,Yes,Very satisfied,,Very satisfied,,Very satisfied,,,,10,,,NadaüòÄ,LUX,OPO,LIGHT,Single
en,,"Visiting family, friends or relatives",,Very satisfied,,Check-In counter at the airport,Yes,,Very satisfied,,Satisfied,,Yes,,,Very satisfied,,Very satisfied,,Satisfied,,10,,,The security and the confidence provided by the airline.,LUX,LPA,SMART,Single
fr,Leisure / Holiday,,,Very satisfied,,Website luxair.lu,No,Very satisfied,,,Neutral,,No,,,Satisfied,,Very satisfied,,,,10,,,"colation, ponctualit√© (ou rattrapage de temps), atterissage souple",FCO,LUX,LIGHT,Single
de,,,Business / Professional reason,Satisfied,,Website luxair.lu,Yes,Very satisfied,Very satisfied,,Satisfied,,No,,,Satisfied,,Very satisfied,,Very satisfied,,10,,,"Sehr angenehmer Flug, freundliches Personal, angenehm ein Snack w√§hrend des Fluges.",LUX,,,
en,,,Business / Professional reason,Very satisfied,,Website luxair.lu,No,Satisfied,,,Satisfied,,Yes,Very satisfied,,Satisfied,,Satisfied,,,,10,,,very good level of service,BER,LUX,FLEX,Single
fr,Leisure / Holiday,,,Very satisfied,,Website luxair.lu,Yes,Very satisfied,Very satisfied,,Very satisfied,,No,,,Satisfied,,Satisfied,,Neutral,Ben moins d attente mais je pense que cela est difficile ,10,,,Accueil du personnel de bord chaleureux   D√©jeuner super bon rien √† dire ,FCO,LUX,SMART,Mini Group
fr,Leisure / Holiday,,,Very satisfied,,Website luxair.lu,Yes,Very satisfied,Very satisfied,,Very satisfied,,No,,,Very satisfied,,Very satisfied,,Very satisfied,,10,,,J‚Äôadore voyager avec luxair . 3 fois par an. Tout simplement ,LUX,LPA,SMART,Couple
en,,,Business / Professional reason,Very satisfied,,Website luxair.lu,Yes,Very satisfied,Very satisfied,,Very satisfied,,Yes,,,Very satisfied,,Very satisfied,,Very satisfied,,10,,,Luxair: a most costumer-friendly carrier in Europe! ,LUX,,,
en,Leisure / Holiday,"Visiting family, friends or relatives",,Very unsatisfied,,Website luxair.lu,Yes,Very unsatisfied,Very unsatisfied,,Very unsatisfied,,No,,,Very unsatisfied,,Very unsatisfied,,Very unsatisfied,,10,,,,LUX,VXE,SMART,Couple
fr,Leisure / Holiday,"Visiting family, friends or relatives",,Satisfied,,Website luxair.lu,No,Very satisfied,,,Satisfied,,No,,,Very satisfied,,Very satisfied,,,,10,,,Le service dans l‚Äôensemble ,FNC,LUX,SMART,Couple
en,,,Business / Professional reason,Very satisfied,,Mobile App,No,Very satisfied,,,Very satisfied,,No,,,Very satisfied,,Very satisfied,,,,10,,,,MUC,LUX,,Single
fr,,"Visiting family, friends or relatives",,Satisfied,,Mobile App,Yes,Very satisfied,Very satisfied,,Neutral,,Yes,Satisfied,,Very satisfied,,Satisfied,,Very satisfied,,10,,,Revoir la qualit√© des croissants sur les vols du matin. Croissant froid et sec,BER,LUX,SMART,Couple
fr,Leisure / Holiday,,,Very satisfied,,Website luxair.lu,Yes,Very satisfied,Very satisfied,,Very satisfied,,No,,,Very satisfied,,Very satisfied,,Very satisfied,,10,,,La gentillesse. Avion propre. Vol agr√©able.  Service √† bord top. Check inn au comptoir top,LUX,VXE,SMART,Couple
fr,,"Visiting family, friends or relatives",,Very satisfied,,Website luxair.lu,Yes,Very satisfied,Very satisfied,,Satisfied,,No,,,Very satisfied,,Very satisfied,,Very satisfied,,10,,,,NCE,LUX,FLEX,Couple
fr,,"Visiting family, friends or relatives",,Very satisfied,,Website luxair.lu,No,Very satisfied,,,Very satisfied,,No,,,Very satisfied,,Very satisfied,,,,10,,,Embarquement rapide et h√¥tesses de bord tr√®s agr√©ables.,LUX,OPO,SMART,Couple
en,Leisure / Holiday,,,Very satisfied,,Website luxair.lu,No,Very satisfied,,,Satisfied,,No,,,Satisfied,,Very satisfied,,,,10,,,"Specials, friendliness, ",LUX,BOD,SMART,Single
en,,"Visiting family, friends or relatives",,Very satisfied,,Website luxair.lu,No,Very satisfied,,,Very satisfied,,No,,,Very satisfied,,Very satisfied,,,,10,,,,VIE,LUX,NONE,Family
fr,,"Visiting family, friends or relatives",,Very unsatisfied,Tour √©tait parfait üëç malgr√© un retard ,Website luxair.lu,No,Satisfied,,,Very satisfied,,Yes,Very satisfied,,Very satisfied,,Very satisfied,,,,10,,,Organisation parfaite bec le sens du d√©tail a√©roport √† taille ¬´ humaine ¬ª personnel tres pro et sympathique ,LUX,MPL,LIGHT,Couple
fr,,"Visiting family, friends or relatives",,Very satisfied,,Website luxair.lu,No,Satisfied,,,Very satisfied,,No,,,Very satisfied,,Very satisfied,,,,10,,,,LUX,BCN,LIGHT,Single
en,Leisure / Holiday,,,Very satisfied,,Website luxair.lu,No,Very satisfied,,,Very satisfied,,No,,,Very satisfied,,Very satisfied,,,,10,,,-,OTP,LUX,SMART,Couple
en,,"Visiting family, friends or relatives",,Very unsatisfied,You are just perfect üëå,Website luxair.lu,Yes,Very unsatisfied,Very satisfied,"No, the personnel was very kind",Very satisfied,,No,,,Very satisfied,,Very satisfied,,Satisfied,,10,,,Good service and trustworthy. ,LUX,ARN,SMART,Single
fr,Leisure / Holiday,,,Very satisfied,,Website luxair.lu,Yes,Very satisfied,Very satisfied,,Very satisfied,,No,,,Satisfied,,Very satisfied,,Unsatisfied,Pour la premiere fois on a du attendre bcp de temps √† l'aeroport de Lisbonne pour recuperer les bagages   Je ne sais pas la raison ,10,,,,LUX,LIS,STAFF/ZED,Couple
de,,"Visiting family, friends or relatives",,Very satisfied,Eigentlich ist die Kommunikation schon gut,Mobile App,Yes,Very satisfied,Very satisfied,Manchmal mehrere Schalter √∂ffnen,Very satisfied,Nichts,No,,,Very satisfied,,Very satisfied,,Very satisfied,,10,,,Klappt alles gut,LUX,,,
en,Leisure / Holiday,,,Very satisfied,,Website luxair.lu,Yes,Very satisfied,Very satisfied,,Very satisfied,,Yes,Very satisfied,,Very satisfied,,Very satisfied,,Very satisfied,,10,,,,LUX,OSL,BUSINESS,Couple
fr,,"Visiting family, friends or relatives",,Very unsatisfied,,Mobile App,Yes,Very unsatisfied,Very unsatisfied,,Very satisfied,,Yes,Neutral,Tout √©tait bien mais vous aurait pu offrir des salades et d‚Äôune mani√®re g√©n√©rale plus de l√©gumes et des fruits.,Very unsatisfied,,Very unsatisfied,,Very satisfied,,10,,,,LUX,CPH,FLEX,Single
fr,Leisure / Holiday,,,Very unsatisfied,Tout √©tait parfait ,Website luxair.lu,Yes,Very unsatisfied,Very unsatisfied,Tout √©tait parfait ,Very unsatisfied,,Yes,Very unsatisfied,Tout √©tait parfait ,Very unsatisfied,Tout √©tait parfait ,Very unsatisfied,Tout √©tait parfait ,Very unsatisfied,Tout √©tait parfait ,10,,,L‚Äôaccessibilit√© √† l‚Äôa√©roport est tr√®s bien et j‚Äôadore voyager avec Luxair ,PRG,LUX,SMART,Single
fr,Leisure / Holiday,,,Very satisfied,,Check-In counter at the airport,Yes,,Neutral,Sympathie de la dame,Satisfied,,No,,,Satisfied,,Very satisfied,,Unsatisfied,Maxi cosi cass√©,10,,,,LUX,FUE,STAFF/ZED,Family
en,,"Visiting family, friends or relatives",,Very satisfied,,Mobile App,No,Very satisfied,,,Very satisfied,,No,,,Very satisfied,,Very satisfied,,,,10,,,"Flight was on time, service on board was fantastic, and as a seamless check in process and fast security. All in all - very pleasant trip!! ",LUX,CPH,LIGHT,Single
en,Leisure / Holiday,,,Very unsatisfied,Everything was fine,Website luxair.lu,Yes,Very unsatisfied,Very unsatisfied,Not at all,Very unsatisfied,Nothing everything was fine,No,,,Very unsatisfied,No,Very unsatisfied,Not for me,Satisfied,,10,,,,LUX,,,
en,Leisure / Holiday,,,Very satisfied,,Website luxair.lu,No,Satisfied,,,Very satisfied,,No,,,Very unsatisfied,,Very satisfied,,,,10,,,"Easy process, friendly staff",LCY,LUX,LIGHT,Mini Group
en,,"Visiting family, friends or relatives",,Very satisfied,,Self-service terminal at the airport,Yes,Satisfied,Satisfied,,Very satisfied,,No,,,Very satisfied,,Very satisfied,,Very satisfied,,10,,,,DWC,,,
en,Leisure / Holiday,,,Very satisfied,,Website luxair.lu,Yes,Very satisfied,Very satisfied,,Very satisfied,,Yes,Very satisfied,,Very satisfied,,Very satisfied,,Very satisfied,,10,,,,LUX,GVA,REDEMPTIONS M,
en,,"Visiting family, friends or relatives",,Very satisfied,,Check-In counter at the airport,Yes,,Very satisfied,,Very satisfied,,Yes,Very satisfied,,Very satisfied,,Very satisfied,,Very satisfied,,10,,,,LUX,,,
en,,"Visiting family, friends or relatives",,Very satisfied,,Website luxair.lu,No,Very satisfied,,,Very satisfied,,No,,,Very satisfied,,Very satisfied,,,,10,,,You‚Äôre very nice and friendly.,LUX,LJU,LIGHT,Single
en,Leisure / Holiday,,,Very satisfied,,Mobile App,Yes,Very satisfied,Very satisfied,,Very satisfied,,Yes,Very satisfied,,Very satisfied,,Very satisfied,,Very satisfied,,10,,,,LUX,LIS,LIGHT,Couple
de,Leisure / Holiday,,,Very satisfied,,Mobile App,No,Very satisfied,,,Satisfied,,Yes,Very satisfied,,Satisfied,,Satisfied,,,,10,,,"Flugplan, Preis-Leistung ",LUX,BER,LIGHT,Single
fr,,"Visiting family, friends or relatives",,Very unsatisfied,,Website luxair.lu,Yes,Very unsatisfied,Very unsatisfied,,Very unsatisfied,,No,,,Very satisfied,,Very satisfied,,Very satisfied,,10,,,,LUX,VXE,SMART,Single
en,Leisure / Holiday,,,Very satisfied,,Website luxair.lu,Yes,Very satisfied,Very satisfied,,Very satisfied,,No,,,Very satisfied,,Very satisfied,,Very satisfied,,10,,,The staff on board was amazing to us! They really deserve a lot of praise! ,LUX,,,
fr,,"Visiting family, friends or relatives",,Satisfied,,Website luxair.lu,Yes,Very satisfied,Very satisfied,,Very satisfied,,No,,,Very satisfied,,Very satisfied,,Very satisfied,,10,,,,LUX,DWC,SMART,Couple
de,Leisure / Holiday,,,Very satisfied,,Mobile App,Yes,Very satisfied,Very satisfied,,Satisfied,,No,,,Very satisfied,,Very satisfied,,Very satisfied,,10,,,"Sehr p√ºnktlich, sehr guter Service an Bord, insgesamt reibungsloser Kontakt ab Buchung bis zur Landung",LUX,PMI,SMART,Couple
en,Leisure / Holiday,,,Very satisfied,,Website luxair.lu,Yes,Very satisfied,Very satisfied,,Very satisfied,,Yes,Very satisfied,,Very satisfied,,Very satisfied,,Very satisfied,,10,,,Until now I never had a negative experience with your company,LUX,,,
fr,Leisure / Holiday,,,Very satisfied,,Check-In counter at the airport,Yes,,Very satisfied,,Satisfied,,No,,,Very satisfied,,Very satisfied,,Satisfied,,10,,,,LUX,FCO,SMART,Couple
de,Leisure / Holiday,,,Very satisfied,,Website luxair.lu,No,Very satisfied,,,Very satisfied,,Yes,Neutral,"Frisches Obst/tuttifrutti, croissants",Very satisfied,,Very satisfied,,,,10,,,Alles hat geklappt,LUX,VIE,LIGHT,Single
en,,"Visiting family, friends or relatives",,Unsatisfied,Delayed flight,Website luxair.lu,Yes,Satisfied,Satisfied,,Satisfied,,No,,,Satisfied,,Very unsatisfied,Delayed flight,Satisfied,,2,Delayed flights,,,MAD,LUX,LIGHT,Single
en,,,Business / Professional reason,Very unsatisfied,5 Hours delay. Luxair did not communicate properly with passengers.  I am a FT miles and more with over 35 segments per year.,Website luxair.lu,No,Neutral,,Communicate properly the delay ,Neutral,,Yes,Unsatisfied,Variety and quantity of food is really poor.   Lounge is too small in terms of space.,Neutral,,Unsatisfied,Due of the 5 hours e delay you should provide a financial compensation or a voucher.,,,3,Luxair ticket Prices are too expensive. And flight has 5 hours delay and no compensation so far (I hope you will provide a compensation as soon as possible).  How could I recommend you? ,,,FCO,LUX,SMART,Single
fr,,"Visiting family, friends or relatives",,Neutral,Non,Website luxair.lu,Yes,Very unsatisfied,Very unsatisfied,Non,Neutral,,No,,,Neutral,Non,Neutral,Ne pas mettre un vol √† 7h du matin ,Very unsatisfied,Non,4,Les horaires de vols pour Rome ne sont pas pratiques . ,,,LUX,FCO,SMART,Single
en,,,Business / Professional reason,Satisfied,,Website luxair.lu,No,Satisfied,,,Satisfied,,No,,,Unsatisfied,"always confusing, delayed and no order",Very unsatisfied,old plane. glue tape in the window ( i have pictures to prove it). horrible leg space and flight too long for the usual flight time,,,4,better boarding and planes at minimum condition,,,LUX,,,
fr,Leisure / Holiday,,,Neutral,,Website luxair.lu,No,Neutral,,,Satisfied,,No,,,Satisfied,,Unsatisfied,A l‚Äòaller on avait un retard de 45 min car l‚Äôescalier ne fonctionnait plus ensuite le t√©l√©phone ne fonctionnait plus,,,4,"Meilleure organisation, √©viter les impr√©vus. A chaque vol il y a du retard par manque d‚Äôanticipation.",,,AGP,LUX,SMART,Single
en,,,Business / Professional reason,Neutral,,Mobile App,No,Very satisfied,,,Satisfied,,Yes,Satisfied,,Satisfied,,,,,,6,,,,GVA,LUX,,Single
en,,,Business / Professional reason,Unsatisfied,Nein ,Website luxair.lu,Yes,Neutral,Neutral,Nein ,Neutral,,No,,,Neutral,,Neutral,,Neutral,,7,,,,VIE,,,
en,Leisure / Holiday,,,Satisfied,,Website luxair.lu,,Very satisfied,,,Satisfied,,No,,,Satisfied,,Satisfied,,,,7,,,,MAD,LUX,LIGHT,Single
fr,Leisure / Holiday,,,Neutral,Je n ai jamais re√ßu la preuve de mon enregistrement üôÉ,Website luxair.lu,Yes,Very unsatisfied,Satisfied,Je n ai pas re√ßu de preuve de mon enregistrement. √áa arrive a dit la pr√©pos√©e !!!,Satisfied,,Yes,Satisfied,,Satisfied,,Neutral,Un choix de sandwichs pour chacun,Very satisfied,,7,,Je cherche....,,LUX,BCN,SMART,Single
en,,,Business / Professional reason,Satisfied,,Check-In counter at the airport,Yes,,Unsatisfied,Only one desk open and available from 1 hour 50‚Äô before the flight. Not enough ,Satisfied,,Yes,Very satisfied,,Neutral,Board the back of the aircraft and business passengers first,Satisfied,,Very satisfied,,7,,Reduce the amount of on board announcements. Increase the pitch between passenger seats. Use the 737 or bigger aircraft more often on the MXP-Lux route ,,MXP,,,
fr,Leisure / Holiday,,,Satisfied,,Website luxair.lu,Yes,Satisfied,Neutral,"pour plus de rapidit√© et fluidit√© √† l'enregistrement des bagages, il serait opportun d'isoler ou d'√©carter les voyageurs ""compliqu√©s"" '( ex : tr√®s gros bagages, animaux, docs pas pr√™ts, objets non autoris√©s (liquides) etc",Satisfied,,No,,,Satisfied,,Satisfied,,Satisfied,,7,,stop les vols √† 6h du matin au Lux !! obligation de prendre un hotel √† proximit√© de l'a√©roport ! pour un vol de 2h30 et une nuit de ... qques heures,,FAO,LUX,SMART,Couple
de,Leisure / Holiday,,,Satisfied,,Mobile App,Yes,Very satisfied,Satisfied,,Satisfied,,No,,,Satisfied,,Unsatisfied,Die Stewardessen haben sich waehrend fast 2 Stunden auf die hinteren Sitze gesetzt und laut gelacht und geredet. Obwohl die Passagiere schlafen wollten. Dies war sehr st√∂rend!! ,Satisfied,,7,,Die Stewardessen sollen die Passagiere ber√ºcksichtigen und ihre Arbeit machen,,LUX,ACE,SMART,Couple
en,,"Visiting family, friends or relatives",,Neutral,The flight was late so better communication of this at Madrid airport,Website luxair.lu,No,Neutral,,No,Satisfied,,No,,,Neutral,Slow which meant further delay,Satisfied,,,,7,,Please do not cancel flights. Improve your on arrival times,,MAD,,,
de,,"Visiting family, friends or relatives",,Very unsatisfied,Ich habe meine Gitarre mitgenommen. Das kostet 75 Euro pro Flug. Das ist absolut zu teuer. Im Flieger w√§re daf√ºr noch Platz gewesen. Was kann man da machen?,Website luxair.lu,Yes,Very unsatisfied,Neutral,"H√§tte man nicht vorher checken k√∂nnen, ob neben mir Platz f√ºr die Gitarre war. 150 Wuro alleine f√ºr eine Gitarre ist absolut unversch√§mt. ",Very unsatisfied,,No,,,Very unsatisfied,,Very unsatisfied,Super Landung trotz Wind. Super Pilot!!!,Very unsatisfied,,7,,,,LUX,LCY,SMART,Single
en,,,Business / Professional reason,Very satisfied,,Mobile App,No,Satisfied,,,Neutral,,No,,,Satisfied,,Neutral,Being on time. Too many delayed flight,,,7,,Being on time ,,LUX,MXP,LIGHT,Single
fr,,,Business / Professional reason,Unsatisfied,L'avion ayant eu du retard je pense que les bagages sont rest√©s sous la pluie compte tenu de l'√©tat dans lequel j'ai r√©cup√©r√© ma valise. (v√™tements tremp√©s √† l'int√©rieur),Website luxair.lu,Yes,Very satisfied,Very satisfied,,Very satisfied,,No,,,Neutral,"Lorsqu'il pleut, le fait d'acc√©der √† l'avion en passant par l'ext√©rieur n'est pas top. Je sais qu'il est difficile de faire autrement pour ce type d'a√©ronef.",Satisfied,,Neutral,Temps de r√©cup√©ration plus long que d'habitude.  Les v√™tements √† l'int√©rieur √©taient tremp√©s (ce n'est pas la premi√®re fois que je voyage quand il pleut) donc je pense que ma valise est rest√©e longtemps sous la pluie √† l'embarquement √† Luxembourg puisqu'il ne pleuvait pas √† l'arriv√©e √† Milan,7,,Garantir la mise √† l'abris des valises par temps de pluie,,LUX,MXP,SMART,Single
de,,"Visiting family, friends or relatives",,Neutral,Gate Informationen  Lounge Informationen   Versp√§tung fr√ºher mitteilen,Mobile App,No,Satisfied,,,Satisfied,,Yes,Neutral,Zu voll  Limitierte Auswahl an Speisen  Keine warme Speisen,Unsatisfied,"Boarding war 30 Minuten zu sp√§t, trotzdem wurde keine Versp√§tung oder Erkl√§rung mitgeteilt ",Satisfied,,,,7,,Besser erkl√§ren dass und warum es zu Versp√§tung kommt. Vielleicht auch eine Entschuldigung daf√ºr,,LUX,HAM,LIGHT,Single
de,Leisure / Holiday,,,Satisfied,,Website luxair.lu,Yes,Satisfied,Unsatisfied,KEIN DROPOFF Schalter um das Gep√§ck aufzugeben.   Gibt es wahrscheinlich nur in Luxemburg .    Personal im INFO k√∂nnte auch etwas freundlicher sein.,Satisfied,,Yes,Neutral,,Neutral,,Satisfied,,Very satisfied,,7,,"Dass, wen man Luxair anruft , abgehoben wird und man nicht einige Tage versuchen muss bis man eine Person ans Telefon bekommt.    Das selbe gilt f√ºr E-Mails.  Bekommt man von Luxair die Antwort wenn der Flug schonn lange vorbei ist.     Bei den Flugpreisen k√∂nnte Luxair villeicht Personal einstellen anstelle Personal einsparen zu wollen.    Die Kunden w√ºrdens Danken.",,LUX,AGP,SMART,Couple
en,Leisure / Holiday,,,Very satisfied,,Website luxair.lu,Yes,Very satisfied,Satisfied,,Satisfied,,No,,,Very satisfied,,Satisfied,,Very satisfied,,7,,,,LUX,FCO,SMART,Single
de,,"Visiting family, friends or relatives",,Unsatisfied,Einen deutlcheren Hinweis auf die Verwendung des Weihnachts-Rabattcodes der mir entgangen ist trotzdem ich die Voraussetzungen dazu erf√ºllt hatte.,Mobile App,Yes,Very satisfied,Very satisfied,,Very satisfied,,No,,,Very satisfied,,Satisfied,,Unsatisfied,Koffergriff war abgerissen und muss jetzt ersetzt werden,7,,,,ARN,LUX,SMART,Couple
fr,,"Visiting family, friends or relatives",,Satisfied,,Website luxair.lu,No,Satisfied,,,Satisfied,,No,,,Satisfied,,Very satisfied,,,,7,Je serais encline √† recommander mais les prix sont souvent trop √©lev√©s pour la qualit√© du service propos√©. ,Un bagage (m√™me petit) inclus dans le prix,,LUX,FCO,LIGHT,Couple
en,,"Visiting family, friends or relatives",,Very satisfied,,Mobile App,Yes,Very satisfied,Very satisfied,,Very satisfied,,No,,,Neutral,"The flight attendants were not nice to the passengers, a bit sarcastic / mean",Unsatisfied,"The flight attendants were not nice to the passengers, one of them was sarcastic and mean. I understand we are flying on the 24th Dec but it is bot the passengers‚Äô fault",Satisfied,,7,,,,LUX,MAD,SMART,Single
en,,"Visiting family, friends or relatives",,Satisfied,,Website luxair.lu,No,Neutral,,Less clicks ,Unsatisfied,Long queu. Most of the lines closed,No,,,Satisfied,,Satisfied,,,,7,,Ryanair had Friday and Sunday flights to malta. You could go for a weekend and they were always full although they treat you like cattle. ,,LUX,MLA,LIGHT,Single
en,,"Visiting family, friends or relatives",,Very satisfied,,Mobile App,No,Very satisfied,,,Satisfied,,No,,,Neutral,I was asked to put my duty free bag (which included only bottles of Cremant bought at the duty free shop at the Lux airport) inside of my carry on as it was considered as an ‚Äúextra‚Äù baggage. That was the first time anyone has told me that the duty free bag was considered as an extra baggage.,Satisfied,,,,7,,"Offer vegan/lactose/gluten free options instead of only sandwiches, considering prices paid for the flights. ",,LUX,MAD,LIGHT,Single
de,Leisure / Holiday,,,Satisfied,,Mobile App,No,Neutral,,"Bar Code funktion verbessern,klappte nicht ",Satisfied,,No,,,Neutral,,Satisfied,,,,7,,,,PMI,,,
en,Leisure / Holiday,,,Unsatisfied,"Check in, or in my case just drop off with fast lane took 1:30 mins. So I wasn‚Äôt able to go to the paid for lounge. The airport was just full. Get more personal. ",Website luxair.lu,Yes,Very unsatisfied,Neutral,You need more employees to handle that many people. Employees to guide people in the correct check-in lines and have a plan B in case of sick employees. Which we were told was the problem on that day.,Very satisfied,,No,,,Satisfied,,Satisfied,,Very satisfied,,7,,Make sure there are no long waiting lines for drop off/ check in ,,LUX,LCY,FLEX,Single
en,,"Visiting family, friends or relatives",,Neutral,Vous ne parlez Pas fran√ßais (french language)  Et on ne comprend pas vos offres...,Website luxair.lu,No,Neutral,,Parlez Fran√ßais et les mails en fran√ßais ,Neutral,,No,,,Unsatisfied,C'est OK,Unsatisfied,C'est OK,,,7,,?????? No speak english....,,NCE,LUX,SMART,Single
en,,"Visiting family, friends or relatives",,Satisfied,,Website luxair.lu,Yes,Satisfied,Satisfied,,Satisfied,,No,,,Satisfied,,Satisfied,,Satisfied,,7,,,,LUX,BCN,SMART,Couple
en,,,Business / Professional reason,Very satisfied,,Mobile App,No,Very satisfied,,,Very satisfied,,No,,,Very satisfied,,Satisfied,,,,7,,Price too higher vs low cost companies on short-flights,,LUX,MXP,FLEX,Single
en,,"Visiting family, friends or relatives",,Satisfied,,Mobile App,No,Satisfied,,,Satisfied,,No,,,Satisfied,,Satisfied,,,,7,,Extend the duty free area and propose more space to chill or eat with qualitative food ,,LUX,MPL,LIGHT,Couple
fr,,"Visiting family, friends or relatives",,Satisfied,,Website luxair.lu,Yes,Very satisfied,Satisfied,,Satisfied,,No,,,Satisfied,,Very satisfied,,Very satisfied,,7,,,,DWC,LUX,SMART,Single
fr,,"Visiting family, friends or relatives",,Unsatisfied,No,Website luxair.lu,No,Very satisfied,,,Neutral,,No,,,Satisfied,,Satisfied,,,,8,,,,LUX,MUC,SMART,Single
en,Leisure / Holiday,,,Neutral,,Mobile App,Yes,Neutral,Very satisfied,Possibility to select a seat without extra costs when checking in,Satisfied,,No,,,Satisfied,,Neutral,,Satisfied,,8,,Modernisaation your fileet (more aircrafts with jet engines),,LUX,,,
en,,,Business / Professional reason,Neutral,"This question is not applicable to me as I did not book flight with LuxAir, I was put on it by KLM who canceled my previous route. And I did nit received any prior information, even at check-in persons did not know about me (that probably due to miscommunication between two companies)",Check-In counter at the airport,Yes,,Satisfied,,Very unsatisfied,"2 opened points out of 10. 40 min queuing and then closed doors in from of us with request go to THE END of another queue (20 min before boarding time).    On top of this, this was a stop-over(!) I should simply go through transfer zone. But because LuxAir does not have an agreement with Wideroe and my luggage cannot be transferred from one flight to another without me, I had to pick it up, check-in again and go through security again.",No,,,Very satisfied,,Very satisfied,,Very satisfied,,8,,Transfer my luggage from Wideroi flight from Bergen to LuxAir flight to Luxembourg without me.,,HAM,,,
en,Leisure / Holiday,,,Very satisfied,,Website luxair.lu,No,Very satisfied,,,Satisfied,,No,,,Very satisfied,,Very satisfied,,,,8,,Vegan food options,,FUE,LUX,LIGHT,Single
en,,,Business / Professional reason,Very satisfied,,Website luxair.lu,No,Neutral,,"Yes - the sms could take you to the App, rather than online. Or when trying to check in on the app, it ready and not having to first add the booking code. ",Very satisfied,,Yes,Neutral,,Satisfied,,Very satisfied,,,,8,,,,LUX,CPH,SMART,Single
de,Leisure / Holiday,"Visiting family, friends or relatives",,Very unsatisfied,,Website luxair.lu,Yes,Very unsatisfied,Very unsatisfied,Ist okay,Very unsatisfied,Alles okay ,,,,Very unsatisfied,Nein,Very unsatisfied,Nein,Very unsatisfied,Nein,8,,Nichts,,LUX,CPH,SMART,Couple
fr,Leisure / Holiday,,,Satisfied,,Mobile App,No,Satisfied,,,Satisfied,,No,,,Neutral,,Satisfied,,,,8,,,,LUX,TFS,SMART,Single
en,,"Visiting family, friends or relatives",,,,Website luxair.lu,Yes,Very satisfied,Satisfied,,Satisfied,,No,,,Satisfied,,Satisfied,,Satisfied,,8,,,,MUC,LUX,SMART,Single
en,,,Business / Professional reason,Satisfied,,Check-In counter at the airport,Yes,,Very satisfied,,Satisfied,,Yes,Satisfied,,Satisfied,,Satisfied,,Unsatisfied,To not broke it .,8,,,,OTP,LUX,SMART,Single
fr,Leisure / Holiday,,,Satisfied,,Check-In counter at the airport,Yes,,,,Very satisfied,,No,,,Very satisfied,,,,Satisfied,,8,,L'utilisation des d√©barquements directs √† l'arriv√©e √† Luxembourg et non les transferts par bus.  Trop lents et inconfortables. A proscrire.,,LUX,AGP,FLEX,Couple
en,,,Business / Professional reason,Satisfied,,Mobile App,No,Neutral,,Have my Miles & More number directly added when doing checkin,Very satisfied,,No,,,Very satisfied,,Very satisfied,,,,8,,,,GVA,,,
en,Leisure / Holiday,,,Very satisfied,,Mobile App,No,Satisfied,,,Very satisfied,,No,,,Satisfied,,Satisfied,,,,8,,"The food was really poor for a flight of 6,5 hours and with a minimum price of 379 Eur.... You need to improve the food on board, compared to other airlines like it is very poor",,LUX,BVC,LIGHT,Single
en,,"Visiting family, friends or relatives",,Unsatisfied,,Website luxair.lu,No,Unsatisfied,,too many counters where closed on this big departure day,Very satisfied,,No,,,Unsatisfied,,Satisfied,,,,8,,,,LUX,CPH,SMART,Family
en,,,Business / Professional reason,Very satisfied,,Mobile App,No,Satisfied,,,Satisfied,,No,,,Satisfied,,Satisfied,,,,8,,,,LUX,,,
en,,,Business / Professional reason,Satisfied,,Mobile App,No,Satisfied,,,Satisfied,,No,,,Satisfied,,Satisfied,,,,8,,,,LUX,MXP,SMART,Single
en,,"Visiting family, friends or relatives",,Very satisfied,,Website luxair.lu,Yes,Very satisfied,Very satisfied,,Very satisfied,,No,,,Neutral,,Very satisfied,,Very satisfied,,8,,,,BUD,LUX,SMART,Single
en,,,Business / Professional reason,Satisfied,,Website luxair.lu,No,Satisfied,,,Satisfied,,No,,,Neutral,No airport bus please,Satisfied,,,,8,,No airport bus please,,LUX,LCY,LIGHT,Single
en,Leisure / Holiday,,,Satisfied,,Website luxair.lu,No,Satisfied,,,Satisfied,,No,,,Very satisfied,,Satisfied,,,,8,,More food and drinks,,LUX,VIE,LIGHT,Mini Group
en,Leisure / Holiday,,,Neutral,,Check-In counter at the airport,Yes,,Very satisfied,,Very satisfied,,No,,,Neutral,,Very satisfied,,Very satisfied,,8,,,,ANR,LCY,SMART,Couple
en,,"Visiting family, friends or relatives",,Very satisfied,,Website luxair.lu,No,Very satisfied,,,Very satisfied,,No,,,Very satisfied,,Very satisfied,,,,8,,Luxair recently changed the sandwiches that are offered on the plane. The sandwich with ham is really of low quality. Please introduce proper bread and ham and not this minced meat ham that is really not the standard of Luxair. ,,OPO,LUX,LIGHT,Family
fr,,"Visiting family, friends or relatives",,Very satisfied,,Website luxair.lu,Yes,Very satisfied,Very satisfied,,Very satisfied,,No,,,Very satisfied,,Very satisfied,,Very satisfied,,8,,,,LUX,,,
en,Leisure / Holiday,,,Satisfied,,Website luxair.lu,Yes,Very satisfied,Neutral,,Very satisfied,,No,,,Very satisfied,,,,Very satisfied,,8,,,,LUX,RAK,SMART,Single
fr,Leisure / Holiday,,,Satisfied,,Website luxair.lu,Yes,Very satisfied,Satisfied,,Neutral,,No,,,Satisfied,,Satisfied,,Satisfied,,8,,Plus de r√©compenses fid√©lit√© pour les petits voyageurs ( m√™me si petites par exemple tag pour valise etc),,LUX,LCY,SMART,Single
en,,,Business / Professional reason,Unsatisfied,,Website luxair.lu,No,Very unsatisfied,,No - issue from airport,Satisfied,,Yes,Satisfied,,Very unsatisfied,,Unsatisfied,,,,8,,,,MXP,LUX,FLEX,Single
fr,Leisure / Holiday,,,Very unsatisfied,,Website luxair.lu,Yes,Very unsatisfied,Neutral,Pas assez de comptoirs ouverts. Attente longue ,Very unsatisfied,,No,,,Satisfied,,Very satisfied,,Satisfied,,8,,Ouvrir plus de comptoirs d enregistement ,,LUX,BUD,SMART,Couple
de,,,Business / Professional reason,Very satisfied,,Check-In counter at the airport,Yes,,Very satisfied,,Satisfied,,No,,,Satisfied,,Satisfied,,Satisfied,,8,,,,HAM,,,
fr,,"Visiting family, friends or relatives",,Neutral,,Mobile App,No,Neutral,,,Satisfied,,No,,,Satisfied,,Satisfied,,,,8,,,,BCN,LUX,LIGHT,Single
fr,Leisure / Holiday,,,Satisfied,,Mobile App,Yes,Very satisfied,Very satisfied,,Very satisfied,,No,,,Very satisfied,,Very satisfied,,Unsatisfied,5vols sur 1 tapis. J‚Äôai mis 45 minutes pour r√©cup√©rer mes bagages. Webtaxi m‚Äôa factur√© ce surplus d‚Äôattente,8,,Am√©liorer la recup√©ration des bagages √† l‚Äôarriv√©e,,PMI,LUX,SMART,Single
en,Leisure / Holiday,"Visiting family, friends or relatives",,Satisfied,,Mobile App,Yes,Neutral,Very satisfied,,Neutral,,No,,,Neutral,Accepting our stroller on board. It had the correct size‚Ä¶,Satisfied,,Satisfied,,8,,,,LUX,FCO,SMART,Family
en,Leisure / Holiday,,,Very satisfied,,Website luxair.lu,No,Very satisfied,,,Very satisfied,,No,,,Very satisfied,,Very satisfied,,,,9,,,,LUX,LIS,,Single
en,,,Business / Professional reason,Satisfied,,Website luxair.lu,No,Very satisfied,,,Very satisfied,,No,,,Very satisfied,,Satisfied,,,,9,,,Smooth operations,LUX,MUC,LIGHT,Single
en,,,Business / Professional reason,Very satisfied,,Website luxair.lu,Yes,Satisfied,Satisfied,,Very satisfied,,No,,,Very satisfied,,Very satisfied,,Neutral,,9,,,,CPH,LUX,,Single
en,Leisure / Holiday,,,Very satisfied,,Check-In counter at the airport,Yes,,Satisfied,,Very satisfied,,Yes,Satisfied,,Satisfied,,Satisfied,,Very satisfied,,9,,,,LUX,PSR,SMART,Couple
en,,,Business / Professional reason,Very satisfied,,Mobile App,Yes,Very satisfied,Very satisfied,,Very satisfied,,No,,,Satisfied,,Satisfied,,Very satisfied,,9,,,,LUX,OPO,FLEX,Single
fr,Leisure / Holiday,,,Very satisfied,,Mobile App,No,Very satisfied,,,Satisfied,,No,,,Very satisfied,,Satisfied,,,,9,,,,LUX,NCE,SMART,Couple
fr,Leisure / Holiday,,,Very satisfied,,Website luxair.lu,No,Very satisfied,,,Satisfied,,Yes,Satisfied,,Satisfied,,Satisfied,,,,9,,,Un avion moins brouillant ( √† r√©acteurs),LUX,CDG,BUSINESS,Single
fr,,"Visiting family, friends or relatives",,Very satisfied,,Website luxair.lu,Yes,Very satisfied,Very satisfied,,Satisfied,,No,,,Very satisfied,,Satisfied,,Satisfied,,9,,,,LUX,NCE,SMART,Single
fr,,"Visiting family, friends or relatives",,Very satisfied,,Check-In counter at the airport,Yes,,Very satisfied,,Very satisfied,,No,,,Very satisfied,,Very satisfied,,Very satisfied,,9,,,,VIE,LUX,NONE,Couple
en,Leisure / Holiday,,,Very satisfied,,Website luxair.lu,Yes,Satisfied,Satisfied,,Satisfied,,No,,,Satisfied,,Satisfied,,Satisfied,,9,,,Good organisation and friendly staff ,LUX,LIS,SMART,Couple
fr,,"Visiting family, friends or relatives",,Unsatisfied,,Mobile App,Yes,Satisfied,Very satisfied,,Satisfied,,No,,,Satisfied,,Very satisfied,,Unsatisfied,,9,,,,OPO,LUX,SMART,Couple
fr,,,Business / Professional reason,Very satisfied,,Website luxair.lu,No,Very satisfied,,,Satisfied,,No,,,Very satisfied,,Very satisfied,,,,9,,,,LUX,,,
en,,,Business / Professional reason,Satisfied,,Mobile App,No,Satisfied,,,Very satisfied,,No,,,Satisfied,,Very satisfied,,,,9,,,,GVA,,,
en,,"Visiting family, friends or relatives",,Very satisfied,,Mobile App,Yes,Satisfied,Satisfied,,Satisfied,,No,,,Satisfied,,Satisfied,,Satisfied,,9,,,Stress free flying. ,LCY,LUX,SMART,Single
fr,,"Visiting family, friends or relatives",,Very satisfied,,Check-In counter at the airport,Yes,,Satisfied,,Satisfied,,No,,,Satisfied,,Satisfied,,Satisfied,,9,,,"Am√©liorer le retard du vol, ce vol a eu 25 minutes de retard √† l'arriv√©e. ",LUX,OTP,SMART,Single
en,,,Business / Professional reason,Satisfied,,Website luxair.lu,No,Very satisfied,,,Very satisfied,,No,,,Very satisfied,,Very satisfied,,,,9,,,,LCY,LUX,SMART,Single
en,,"Visiting family, friends or relatives",,Satisfied,,Mobile App,No,Satisfied,,,Satisfied,,No,,,Satisfied,,Satisfied,,,,9,,,,MXP,LUX,LIGHT,Single
fr,,"Visiting family, friends or relatives",,Satisfied,,Check-In counter at the airport,Yes,,Satisfied,,Satisfied,,No,,,Satisfied,,Satisfied,,Neutral,,9,,,a√©roport personnel pr√™t √† donner un renseignement-vol personnel √† l'√©coute des passagers- respect des horaires- avec le billet possibilit√© de conjuguer une navette √† domicile - une collation √† bord pendant le vol-,MLA,LUX,SMART,Single
en,,"Visiting family, friends or relatives",,Very satisfied,,Website luxair.lu,Yes,Very satisfied,Very satisfied,,Neutral,,No,,,Satisfied,,Very satisfied,,Very satisfied,,9,,,,LUX,CTA,SMART,Family
en,,,Business / Professional reason,Satisfied,,Website luxair.lu,No,Very satisfied,,,Very satisfied,,Yes,Satisfied,,Satisfied,,Satisfied,,,,9,,,"Still, the one and only European airline providing a nice and proper service on board, including drinks and snacks free of charge! ",LUX,VIE,FLEX,Single
en,Leisure / Holiday,"Visiting family, friends or relatives",,Very unsatisfied,,Check-In counter at the airport,Yes,,Very satisfied,,Very satisfied,,No,,,Very satisfied,,Very satisfied,,Very satisfied,,9,,,"Service, human contact, attention to needs of families travelling with children ",LUX,MAD,SMART,Family
en,,,Business / Professional reason,Satisfied,,Website luxair.lu,No,Very satisfied,,,Very satisfied,,No,,,Satisfied,,Neutral,"due to the technical issues, staff on board was efficient and took the initiative to offer the croissant directly to make the waiting time shorter",,,9,,,,LUX,MXP,SMART,Single
de,,"Visiting family, friends or relatives",,Very satisfied,,Website luxair.lu,No,Very satisfied,,,Satisfied,,Yes,Satisfied,,Very satisfied,,Very satisfied,,,,9,,,,LUX,,,
fr,Leisure / Holiday,,,Very satisfied,,Website luxair.lu,Yes,Satisfied,Very satisfied,,Neutral,,Yes,Satisfied,,Satisfied,,Very satisfied,,Neutral,Faire plus vite pour eviter d'attendre si logntemps.,9,,,,OPO,LUX,LIGHT,Single
en,Leisure / Holiday,,,Satisfied,,Website luxair.lu,Yes,Satisfied,Very satisfied,,Very satisfied,,No,,,Satisfied,,Satisfied,,Satisfied,,9,,,"Secure, professional",TFS,LUX,SMART,Family
fr,Leisure / Holiday,,,Very satisfied,,Mobile App,No,Very satisfied,,,Satisfied,,No,,,Very satisfied,,Very satisfied,,,,9,,,,NCE,LUX,LIGHT,Couple
en,,,Business / Professional reason,Satisfied,,Website luxair.lu,No,Satisfied,,,Satisfied,,No,,,Satisfied,,Satisfied,,,,9,,,"easy onboarding, stuff very friendly and everything was smooth",MUC,LUX,SMART,Single
en,,"Visiting family, friends or relatives",,Satisfied,,Mobile App,Yes,Very satisfied,Satisfied,,Satisfied,,No,,,Satisfied,,Satisfied,,Neutral,"It was slow, we waited 20 min minimum ",9,,,,LUX,AGP,LIGHT,Couple
fr,Leisure / Holiday,,,Satisfied,,Website luxair.lu,Yes,Satisfied,Satisfied,,Satisfied,,No,,,Satisfied,,Satisfied,,Satisfied,,9,,,Le choix des destinations  La ponctualit√©   L‚Äôamabilit√© du personnel de bord,DXB,LUX,FLEX,Family
fr,,"Visiting family, friends or relatives",,Very satisfied,,Website luxair.lu,No,Very satisfied,,,Very satisfied,,Yes,Satisfied,,,,Satisfied,,,,9,,,Finalement je suis satisfait de mon voyage   Rien √† dire de se sujet.   J'adore Luxair.,LUX,VXE,LIGHT,Single
fr,,"Visiting family, friends or relatives",,Satisfied,,Website luxair.lu,Yes,Very satisfied,Very satisfied,,Very satisfied,,No,,,Very satisfied,,Very satisfied,,Neutral,,9,,,"Pratique ,pas besoin de conduire longtemps pour se rendre √† l‚Äòa√©roport,personnel tr√®s sympathique",LUX,TFS,SMART,Single
en,,"Visiting family, friends or relatives",,Very satisfied,,Mobile App,No,Very satisfied,,,Very satisfied,,Yes,Satisfied,,Satisfied,,Very satisfied,,,,9,,,,LUX,PMI,LIGHT,Single
en,,,Business / Professional reason,Satisfied,,Website luxair.lu,Yes,Satisfied,Very satisfied,,Neutral,,No,,,Satisfied,,Satisfied,,Satisfied,,9,,,Luxair equal good service ,LUX,PRG,SMART,Single
en,,"Visiting family, friends or relatives",,Very satisfied,,Mobile App,No,Very satisfied,,,Satisfied,,No,,,Very satisfied,,Satisfied,,,,9,,,Fly attendants really friendly and helpful.,LUX,LIS,LIGHT,Single
fr,Leisure / Holiday,,,Very satisfied,,Website luxair.lu,Yes,Very satisfied,Very satisfied,,Satisfied,,No,,,Very satisfied,,Very satisfied,,Very satisfied,,9,,,"Tout s‚Äôest bien pass√©, donc pas de recommandations particuli√®res. ",AGP,LUX,SMART,Couple
en,,"Visiting family, friends or relatives",,Very satisfied,,Mobile App,No,Very satisfied,,,Very satisfied,,No,,,Very satisfied,,Very satisfied,,,,9,,,,LUX,LJU,LIGHT,Single
fr,Leisure / Holiday,,,Neutral,Le gabarit du bagage √† main,Mobile App,No,Very satisfied,,,Very satisfied,,No,,,Very satisfied,,Very satisfied,,,,9,,,Prix et ponctualit√©. S√©curit√© en toutes circonstances ,LUX,,,
en,,"Visiting family, friends or relatives",,Very unsatisfied,Not really,Self-service terminal at the airport,Yes,,Very satisfied,,Very satisfied,,No,,,Very satisfied,,Very satisfied,,Unsatisfied,"I was travelling with special assistance following a recent operation and although we received the cases without too much delay I waited for more than 40 mins more   before my Luxair ""special assistant"" was able to locate the wheelchair I had sent with me.",9,,,"I travel regularly with Luxair and am impressed each time with their professionalism, friendliness and courtesy.",FAO,LUX,SMART,Couple
de,Leisure / Holiday,,,Satisfied,,Mobile App,Yes,Satisfied,Satisfied,,Satisfied,,No,,,Satisfied,,Satisfied,,Satisfied,,9,,,,AGP,LUX,,Single
en,,"Visiting family, friends or relatives",,Very unsatisfied,Better food,Mobile App,Yes,Very unsatisfied,Very unsatisfied,,Very unsatisfied,,No,,,Very unsatisfied,,Very unsatisfied,,Very unsatisfied,,9,,,"Easy mobile check in, short distance flight",LUX,GVA,SMART,Couple
en,Leisure / Holiday,,,Very satisfied,,Website luxair.lu,Yes,Satisfied,Satisfied,,Satisfied,,No,,,Satisfied,,Very satisfied,,Neutral,,9,,,flight was punctual and cabin clean,LUX,BLQ,SMART,Family
de,,"Visiting family, friends or relatives",,Satisfied,,Check-In counter at the airport,No,,Satisfied,,Satisfied,,No,,,Satisfied,,Satisfied,,,,9,,,,CPH,LUX,REDEMPTIONS M,
